id;slug;userid;tourid;tourgroupid;categoryid;productid;evenementid;createdat;updatedat
1;Marketing;55218;31093;18538;87284;10745;43093;2020-02-12T04:08:54;2020-02-11T10:17:35
2;ADP cultivate;25552;87115;54021;14339;75045;49702;2020-02-12T07:28:49;2020-02-11T11:03:20
3;payment calculate;98656;90100;16182;91288;90651;55098;2020-02-11T15:48:40;2020-02-12T01:18:09
4;monitor transparent Garden;7630;87927;43848;55477;27795;56176;2020-02-11T17:04:23;2020-02-11T16:28:35
5;Interactions;46497;34376;42070;3523;95458;73255;2020-02-12T07:36:09;2020-02-11T10:38:11
6;Turks and Caicos Islands;9760;68432;85240;64554;31150;84909;2020-02-11T13:18:40;2020-02-11T20:14:39
7;Planner world-class orange;81285;5007;33616;24756;24418;52992;2020-02-12T08:53:37;2020-02-12T06:35:39
8;Consultant wireless;53204;89911;28108;21028;24322;56429;2020-02-11T22:35:34;2020-02-12T02:45:47
9;iterate;7394;85685;74020;58490;90762;9912;2020-02-11T13:25:00;2020-02-12T00:41:19
10;Malaysian Ringgit Kids Chips;73195;12970;42055;59734;55755;3267;2020-02-11T12:49:30;2020-02-12T06:41:17
