id;slug;userid;categoryid;productid;tourid;tourgroupid;evenementid;text;createdat;updatedat
1;Sports Liaison auxiliary;1176;7620;3537;3421;57574;64089;customized Table;2020-02-13T06:47:55;2020-02-12T16:28:29
2;Som Mall;30355;10764;49318;98055;9033;51197;client-driven synthesize Reactive;2020-02-12T10:33:00;2020-02-12T13:15:43
3;Sports;28327;73506;81693;25950;31877;50741;Pizza redefine;2020-02-12T23:52:26;2020-02-13T04:15:03
4;User-friendly;38999;2163;87785;13591;5387;91769;Buckinghamshire;2020-02-13T04:52:24;2020-02-12T12:09:22
5;gold;92455;21855;85662;58716;53641;73534;Optimized deposit Secured;2020-02-13T05:50:43;2020-02-12T13:57:53
6;Pass backing up Web;57234;11408;84081;45796;18847;72709;Directives HTTP blue;2020-02-12T16:19:51;2020-02-12T11:37:39
7;black Singapore Dollar time-frame;46518;48664;1119;10687;10796;11696;Corporate International;2020-02-12T20:44:32;2020-02-13T00:02:43
8;transition;99784;14880;16858;32094;21370;69561;XSS Rupiah;2020-02-12T18:07:11;2020-02-12T21:22:08
9;Architect override Orchestrator;82487;14320;4648;88675;19850;66640;Human back up Libyan Dinar;2020-02-13T00:20:44;2020-02-12T22:06:17
10;deposit program;47209;65037;88544;34673;20967;637;Virginia compress United States Minor Outlying Islands;2020-02-12T21:23:14;2020-02-12T15:59:56
